event_name,avg_sentiment,sentiment_std,min_sentiment,max_sentiment,avg_subjectivity,total_engagement,avg_comment_score,top_comment_score,comment_count,sentiment_range,hype_score,sentiment_category
UFC 261: Usman vs. Masvidal 2,0.19416813146032427,0.48349403174639755,-1.0,1.0,0.6444453450331838,4746,9.492,76,500,2.0,0.5054476705720541,Neutral
UFC 262: Oliveira vs. Chandler,0.21901293986017165,0.4843866234743972,-0.9357089352525483,1.0,0.6441663903960214,4972,9.944,79,500,1.9357089352525483,0.5187984102148814,Positive
UFC 263: Adesanya vs. Vettori 2,0.2455319059537736,0.46665148547115537,-1.0,1.0,0.6508911541161638,4711,9.422,57,500,2.0,0.5267272054118476,Positive
UFC 264: Poirier vs. McGregor 3,0.21273806127321002,0.4829771694838666,-0.996647810926666,1.0,0.6570315247916945,4773,9.546,70,500,1.996647810926666,0.513651555929024,Positive
UFC 265: Lewis vs. Gane,0.20062256860962002,0.470042437088714,-1.0,1.0,0.6538280483157096,4756,9.512,64,500,2.0,0.5083059258020487,Positive
UFC 266: Volkanovski vs. Ortega,0.21884032145954638,0.46741948263988736,-0.9905480599348999,1.0,0.6505039467553902,5002,10.004,63,500,1.9905480599349,0.5190914786124081,Positive
UFC 267: Blachowicz vs. Teixeira,0.23189446203805703,0.4570593814364247,-0.9928779071786542,1.0,0.6458457165715998,4828,9.656,76,500,1.9928779071786542,0.5224707519174331,Positive
UFC 268: Usman vs. Covington 2,0.19268331667400226,0.48458468364901763,-1.0,1.0,0.6451522389159458,4483,8.966,47,500,2.0,0.5014202143191644,Neutral
UFC 269: Oliveira vs. Poirier,0.2283355275804125,0.4714822643210397,-0.9332919253341775,1.0,0.6482332076816048,4553,9.106,68,500,1.9332919253341774,0.5173602607541469,Positive
UFC 270: Ngannou vs. Gane,0.2668443656533555,0.46008554290555675,-1.0,1.0,0.639100843309303,4687,9.374,57,500,2.0,0.5354166533357647,Positive
UFC 271: Adesanya vs. Whittaker 2,0.2459036364389854,0.4729427502279767,-0.9495761378071592,1.0,0.637517028349655,4629,9.258,59,500,1.9495761378071592,0.525790779836373,Positive
UFC 272: Covington vs. Masvidal,0.1765440556960984,0.4784672800561608,-0.9544805511289443,1.0,0.658097246420488,4696,9.392,64,500,1.9544805511289443,0.4973651328395997,Neutral
UFC 273: Volkanovski vs. The Korean Zombie,0.20782372376901193,0.48824775263735565,-1.0,1.0,0.6511920598179796,5005,10.01,72,500,2.0,0.5144358258023478,Positive
UFC 274: Oliveira vs. Gaethje,0.2081209706095621,0.4949965661139913,-1.0,1.0,0.6517288624789633,4837,9.674,59,500,2.0,0.512500421431847,Positive
UFC 275: Teixeira vs. Prochazka,0.22289344681198703,0.46552632565534496,-1.0,1.0,0.650098540109499,4743,9.486,66,500,2.0,0.5175673910751905,Positive
UFC 276: Adesanya vs. Cannonier,0.2572023011379859,0.4415004171664612,-0.9021722089191402,0.9919684100875894,0.6586796162789456,4764,9.528,64,500,1.8941406190067296,0.5323656344422678,Positive
UFC 277: Pena vs. Nunes 2,0.2157904712842948,0.4691600425578709,-1.0,1.0,0.6452891732216824,5216,10.432,76,500,2.0,0.5203387355089155,Positive
UFC 278: Usman vs. Edwards,0.22407075599492005,0.4600104080436788,-1.0,1.0,0.6436158955281083,4848,9.696,83,500,2.0,0.5194055235946619,Positive
UFC 279: Diaz vs. Ferguson,0.2120852205296692,0.4749798225335688,-0.9743177116390059,1.0,0.6434003996957014,4790,9.58,54,500,1.974317711639006,0.5135904729203467,Positive
UFC 280: Oliveira vs. Makhachev,0.18960874141992393,0.4798397153474027,-1.0,1.0,0.6421933267830551,4776,9.552,75,500,2.0,0.5038925681131059,Neutral
UFC 281: Adesanya vs. Pereira,0.2274364053215424,0.48378797772235077,-1.0,0.9999994420222225,0.6516077749050262,4652,9.304,64,500,1.9999994420222225,0.518301436153561,Positive
UFC 282: Blachowicz vs. Ankalaev,0.22100369917021442,0.4687288655803776,-1.0,1.0,0.6454103273241283,5242,10.484,69,500,2.0,0.5228734136483016,Positive
UFC 283: Teixeira vs. Hill,0.18230631147306753,0.4862983186189008,-1.0,0.9749658472628331,0.649615023529795,4833,9.666,71,500,1.974965847262833,0.5015006156609473,Neutral
UFC 284: Makhachev vs. Volkanovski,0.2354253169603704,0.46906314479621275,-0.9535716075248735,1.0,0.6489878097829433,4447,8.894,55,500,1.9535716075248735,0.518891594954398,Positive
UFC 285: Jones vs. Gane,0.19963291225008986,0.48485172333038185,-1.0,1.0,0.6420698862384995,4942,9.884,60,500,2.0,0.5101875453760363,Neutral
UFC 286: Edwards vs. Usman 3,0.22460661579614583,0.48043587164121115,-0.9952347262122199,1.0,0.6521894588839542,4479,8.958,50,500,1.9952347262122199,0.514786555939851,Positive
UFC 287: Pereira vs. Adesanya 2,0.24120093947648003,0.4618690657024356,-1.0,1.0,0.6456237911366609,4959,9.918,70,500,2.0,0.5280789325915917,Positive
UFC 288: Sterling vs. Cejudo,0.24135091914883675,0.44849154808297825,-0.9199563680485873,1.0,0.6503706425738883,4606,9.212,58,500,1.9199563680485872,0.5235603668134473,Positive
UFC 289: Nunes vs. Aldana,0.2137487100496242,0.48133884719269326,-1.0,1.0,0.6585900968923639,4433,8.866,59,500,2.0,0.5095958787769548,Positive
UFC 290: Volkanovski vs. Rodriguez,0.17869125561180316,0.49509567513506025,-1.0,1.0,0.6563530429422376,4477,8.954,71,500,2.0,0.4954588497917891,Neutral
UFC 291: Poirier vs. Gaethje 2,0.2291140192500951,0.4825981033742183,-1.0,1.0,0.6495346096440416,4729,9.458,55,500,2.0,0.5200185053104656,Positive
UFC 292: Sterling vs. O'Malley,0.2029557428317381,0.47208066710090735,-0.9512367022601441,1.0,0.6531861895001585,4446,8.892,62,500,1.951236702260144,0.5052405092017622,Positive
UFC 293: Adesanya vs. Strickland,0.20105491904641962,0.4670955390204509,-1.0,1.0,0.6535336583836309,4777,9.554,55,500,2.0,0.508753491636156,Positive
UFC 294: Makhachev vs. Volkanovski 2,0.2142295128329127,0.4729577425444497,-1.0,1.0,0.660811105674712,4704,9.408,63,500,2.0,0.5133993722561543,Positive
UFC 295: Prochazka vs. Pereira,0.1954456637050865,0.49850211981181847,-1.0,1.0,0.6549331778186592,5085,10.17,65,500,2.0,0.5101114252281319,Neutral
UFC 296: Edwards vs. Covington,0.1923220428389788,0.4823674792720145,-0.9590964768813246,1.0,0.6378167003804852,4560,9.12,56,500,1.9590964768813246,0.5022833770631188,Neutral
UFC 297: Strickland vs. Du Plessis,0.21300961044022462,0.4780594679691313,-0.9980715232828397,1.0,0.6519180984995483,4767,9.534,86,500,1.9980715232828397,0.513690295829125,Positive
UFC 298: Volkanovski vs. Topuria,0.19390999552301028,0.4781353468903685,-0.9835489796632979,1.0,0.6408347699932909,4453,8.906,53,500,1.983548979663298,0.5015351946236941,Neutral
UFC 299: O'Malley vs. Vera 2,0.22604203877162737,0.46736469379699913,-0.9885329563386056,1.0,0.643882650169477,4438,8.876,48,500,1.9885329563386056,0.5148263564841403,Positive
UFC 300: Pereira vs. Hill,0.2020377750748031,0.49120913199755917,-1.0,1.0,0.6483162893233524,4816,9.632,83,500,2.0,0.5096584035137958,Positive
UFC 301: Pantoja vs. Erceg,0.24631011753144136,0.4705797493414699,-0.9967245462338319,1.0,0.6491873108633256,5144,10.288,66,500,1.9967245462338319,0.5325346442070497,Positive
UFC 302: Makhachev vs. Poirier,0.19018347387258794,0.4496082663800823,-0.9985893221247228,1.0,0.6436167273176848,4906,9.812,76,500,1.9985893221247228,0.505733835030747,Neutral
UFC 303: Pereira vs. Prochazka 2,0.18386733794955587,0.49910107850127106,-1.0,1.0,0.6443008043538654,4666,9.332,60,500,2.0,0.5000816491076028,Neutral
UFC 304: Edwards vs. Muhammad 2,0.22785993559054546,0.46962426308191224,-0.9173512641129283,1.0,0.6422427752625408,4742,9.484,71,500,1.9173512641129284,0.5196564244935522,Positive
UFC 305: Du Plessis vs. Adesanya,0.20734629912429686,0.4570258631743132,-1.0,1.0,0.6362788447632219,4961,9.922,77,500,2.0,0.5136995400435043,Positive
UFC 306: Riyadh Season Noche UFC,0.1813197869185864,0.4728950186935411,-0.9992576510528991,1.0,0.6471024677716238,4564,9.128,56,500,1.9992576510528992,0.4977002914860039,Neutral
UFC 307: Pereira vs. Rountree Jr.,0.20356612885280173,0.47912094837551306,-1.0,1.0,0.6522060945713697,4626,9.252,67,500,2.0,0.5078846857973597,Positive
UFC 308: Topuria vs. Holloway,0.19309867137353495,0.4743561945405358,-1.0,1.0,0.6564705162025523,4775,9.55,59,500,2.0,0.505358337804781,Neutral
UFC 309: Jones vs. Miocic,0.23362925794450326,0.45233230208316944,-0.9416049975262126,1.0,0.6531805288464773,4845,9.69,81,500,1.9416049975262126,0.5234232750494855,Positive
UFC 310: Pantoja vs. Asakura,0.2170426245230696,0.49407320963584755,-1.0,1.0,0.6439042212734846,4627,9.254,53,500,2.0,0.513584690667057,Positive
UFC 311: Makhachev vs. Moicano,0.2076904877546335,0.46476641874815133,-1.0,1.0,0.6492074296155924,5110,10.22,74,500,2.0,0.5156325330895509,Positive
UFC 312: Du Plessis vs. Strickland 2,0.16968400220904448,0.47602576289535997,-1.0,1.0,0.6558151960245693,4713,9.426,56,500,2.0,0.4946764468038384,Neutral
UFC 313: Pereira vs. Ankalaev,0.26356062000761143,0.4595133705136625,-0.9928832439906299,1.0,0.6495384195937558,4450,8.9,52,500,1.9928832439906299,0.530751314142887,Positive
UFC 314: Volkanovski vs. Lopes,0.18648901149703156,0.4828537520414872,-1.0,1.0,0.6580561717233592,4351,8.702,54,500,2.0,0.49704343023128256,Neutral
UFC 315: Muhammad vs. Della Maddalena,0.19673151579465553,0.49189592347442246,-1.0,1.0,0.6500253864029927,4763,9.526,72,500,2.0,0.5067465618607214,Neutral
UFC 316: Dvalishvili vs. O'Malley 2,0.2021071468507619,0.4845854939569054,-1.0,1.0,0.6431557594835638,4317,8.634,60,500,2.0,0.5031147553163765,Positive
UFC 317: Topuria vs. Oliveira,0.19833616956368355,0.48235746514254174,-1.0,1.0,0.6491449829897802,4443,8.886,64,500,2.0,0.5032598576519265,Neutral
UFC 318: Holloway vs. Poirier 3,0.2066361334553804,0.4775927014282674,-1.0,1.0,0.6474892678729942,4855,9.71,80,500,2.0,0.5120945851590284,Positive
UFC 319: Du Plessis vs. Chimaev,0.19996019359120892,0.4855096287220917,-0.9536742067282111,1.0,0.6508590570250455,4484,8.968,64,500,1.9536742067282111,0.5044928908725486,Neutral
UFC 320: Ankalaev vs. Pereira 2,0.17791264463648243,0.4830913385371676,-1.0,1.0,0.6602672896493182,5053,10.106,81,500,2.0,0.5022581404157889,Neutral
UFC 321: Aspinall vs. Gane,0.2006923229552472,0.47480727054512517,-0.9644494676362512,1.0,0.6541772755604424,4639,9.278,52,500,1.9644494676362512,0.5068404244899363,Positive
UFC 322: Della Maddalena vs. Makhachev,0.20046548764293332,0.47496101599768226,-1.0,1.0,0.6508020112783371,4992,9.984,54,500,2.0,0.5111457324322254,Positive
UFC 323: Dvalishvili vs. Yan 2,0.20290218627686002,0.47818952334780573,-1.0,0.9982962628840851,0.6559942233535039,4712,9.424,72,500,1.998296262884085,0.508712141790049,Positive
UFC Fight Night: Adesanya vs. Imavov,0.06973025847953421,0.464831134621631,-1.0,1.0,0.6378927233687459,2440,4.88,36,500,2.0,0.41720352287369894,Neutral
UFC Fight Night: Allen vs. Craig,0.04948858779028059,0.5147395537187374,-1.0,1.0,0.6369058494692625,2316,4.632,30,500,2.0,0.40657337571326735,Neutral
UFC Fight Night: Allen vs. Curtis 2,0.03218014442947903,0.49583114754257834,-1.0,1.0,0.6446053806509402,2307,4.614,29,500,2.0,0.39966720313933385,Neutral
UFC Fight Night: Almeida vs. Lewis,0.04110764696381481,0.5019251596414986,-1.0,1.0,0.639711356012241,2432,4.864,46,500,2.0,0.40586958736668877,Neutral
UFC Fight Night: Andrade vs. Blanchfield,0.04932497060842908,0.514036298918264,-1.0,1.0,0.6581837163956437,2296,4.592,42,500,2.0,0.4060551433944906,Neutral
UFC Fight Night: Ankalaev vs. Walker 2,0.06821995111982135,0.49021252747217925,-1.0,1.0,0.6474432721650372,2269,4.538,32,500,2.0,0.4127353588994393,Neutral
UFC Fight Night: Aspinall vs. Tybura,0.017575453450779183,0.5076890757352976,-1.0,1.0,0.6537445070796731,2332,4.664,43,500,2.0,0.39456031682611564,Neutral
UFC Fight Night: Barboza vs. Chikadze,0.05099331037757136,0.48744119583799317,-1.0,1.0,0.6439531552216441,2509,5.018,34,500,2.0,0.41136078025727274,Neutral
UFC Fight Night: Barboza vs. Murphy,0.10178996797987128,0.48376566916345304,-1.0,1.0,0.652164132787588,2348,4.696,21,500,2.0,0.4275906379057635,Neutral
UFC Fight Night: Blachowicz vs. Rakic,0.07918904160485912,0.48869985808091937,-1.0,1.0,0.6481862787961333,2420,4.84,52,500,2.0,0.42044859488072117,Neutral
UFC Fight Night: Blanchfield vs. Barber,0.09209471775220715,0.4923522590130643,-0.9774395839115954,1.0,0.6470507509675688,2309,4.618,41,500,1.9774395839115955,0.4229138325347842,Neutral
UFC Fight Night: Blanchfield vs. Fiorot,0.045295693321741236,0.49424398993114393,-1.0,0.9880672536146905,0.6462115342478888,2260,4.52,30,500,1.9880672536146906,0.4036703294686791,Neutral
UFC Fight Night: Blaydes vs. Aspinall,0.04190868290179802,0.5090180988400532,-1.0,1.0,0.6403454109421041,2577,5.154,30,500,2.0,0.4091976107238606,Neutral
UFC Fight Night: Blaydes vs. Daukaus,0.10321674312699722,0.48229895226775155,-0.9703276396955848,0.9862547266013719,0.6404731794429125,2368,4.736,22,500,1.9565823662969568,0.4286120168330938,Neutral
UFC Fight Night: Bonfim vs. Brown,0.09190756005502164,0.5071695408480811,-1.0,1.0,0.6416957958164229,2389,4.778,31,500,2.0,0.4247001012714994,Neutral
UFC Fight Night: Brunson vs. Till,0.04382039386937895,0.48450752279904763,-1.0,0.9857372984222759,0.644705373454827,2282,4.564,31,500,1.9857372984222759,0.40360597583246954,Neutral
UFC Fight Night: Burns vs. Brady,0.03858534030972996,0.4829536425837774,-0.9738688452096109,1.0,0.6490759055539922,2290,4.58,35,500,1.973868845209611,0.40176342851650587,Neutral
UFC Fight Night: Burns vs. Morales,0.01895850477274768,0.4796280148704054,-1.0,1.0,0.6509696850441701,2446,4.892,30,500,2.0,0.3975272017619188,Neutral
UFC Fight Night: Cannonier vs. Borralho,0.10244803197255378,0.49105506820898304,-1.0,1.0,0.6549529630516282,2301,4.602,27,500,2.0,0.42673192349765865,Neutral
UFC Fight Night: Cannonier vs. Gastelum,0.059446716685550446,0.473251159514119,-1.0,1.0,0.6580703404568401,2361,4.722,26,500,2.0,0.4114501169497207,Neutral
UFC Fight Night: Cannonier vs. Imavov,0.04682470287411981,0.47216149354606146,-0.9588122463990462,1.0,0.647915723931121,2521,5.042,38,500,1.958812246399046,0.4099788200578157,Neutral
UFC Fight Night: Cannonier vs. Rodrigues,0.039952111317677896,0.500335935376878,-1.0,1.0,0.6651627587385246,2242,4.484,24,500,2.0,0.4011911413721322,Neutral
UFC Fight Night: Cannonier vs. Strickland,0.055877102486236785,0.5073421024299984,-1.0,1.0,0.6512665035187092,2401,4.802,35,500,2.0,0.41095037767675746,Neutral
UFC Fight Night: Cejudo vs. Song,0.05018836486678623,0.49453297703507026,-1.0,1.0,0.6368684632257005,2282,4.564,27,500,2.0,0.4060682300321159,Neutral
UFC Fight Night: Costa vs. Vettori,0.047960295340074954,0.4910751678661355,-1.0,1.0,0.6531739340038379,2425,4.85,39,500,2.0,0.4083900793858441,Neutral
UFC Fight Night: Covington vs. Buckley,0.046891183578907814,0.5006938523557518,-1.0,1.0,0.6556408532416058,2562,5.124,36,500,2.0,0.4108489759312845,Neutral
UFC Fight Night: Dariush vs. Tsarukyan,0.07660780954926893,0.49192286879551644,-0.9870985559425334,1.0,0.6538626130360051,2329,4.658,24,500,1.9870985559425334,0.4173805831265661,Neutral
UFC Fight Night: Dawson vs. Green,0.0401106204382563,0.499045565782435,-0.975275754612699,1.0,0.651528581735281,2290,4.58,38,500,1.9752757546126989,0.4023534635864232,Neutral
UFC Fight Night: De Ridder vs. Allen,0.037851106800912346,0.49403052462915575,-1.0,1.0,0.6601181524457946,2109,4.218,24,500,2.0,0.39720861872683766,Neutral
UFC Fight Night: Dern vs. Hill,0.07196783464337414,0.48185088534090825,-0.9810656036218268,1.0,0.6484844913552258,2325,4.65,31,500,1.9810656036218268,0.41548965871303506,Neutral
UFC Fight Night: Dern vs. Ribas 2,0.08913068995917361,0.5074697089533263,-1.0,1.0,0.6457662911405119,2271,4.542,27,500,2.0,0.42086274052948197,Neutral
UFC Fight Night: Dern vs. Rodriguez,0.053117903260396455,0.48026312108675573,-1.0,0.9515586948045429,0.6448614628429518,2228,4.456,25,500,1.951558694804543,0.40594053138216146,Neutral
UFC Fight Night: Dern vs. Yan,0.033127969507433644,0.48535467386894743,-1.0,1.0,0.6629524380979794,2286,4.572,31,500,2.0,0.3995620456039241,Neutral
UFC Fight Night: Dolidze vs. Hernandez,0.09889302238453798,0.4884042829679603,-0.997406754725871,1.0,0.6349640800032929,2328,4.656,35,500,1.997406754725871,0.4259965542183842,Neutral
UFC Fight Night: Dolidze vs. Imavov,0.061849854440431486,0.4851462537879645,-1.0,0.9850007128516096,0.6426816764282965,2276,4.552,27,500,1.9850007128516096,0.4104375710392468,Neutral
UFC Fight Night: Dos Anjos vs. Fiziev,0.09338613335449059,0.5018265549705814,-1.0,1.0,0.6467515794434877,2254,4.508,25,500,2.0,0.4220965369705767,Neutral
UFC Fight Night: Edwards vs. Brady,0.06187956389921018,0.47997953895896495,-1.0,1.0,0.6489581385461132,2172,4.344,31,500,2.0,0.40796690662077734,Neutral
UFC Fight Night: Emmett vs. Murphy,0.02780706988344475,0.48884592034639884,-1.0,1.0,0.6424868138310864,2230,4.46,32,500,2.0,0.3962301704544908,Neutral
UFC Fight Night: Emmett vs. Topuria,0.030329619473117665,0.49514293428311823,-1.0,1.0,0.6498961757668054,2301,4.602,34,500,2.0,0.39881656785915526,Neutral
UFC Fight Night: Fiziev vs. Gamrot,0.08768465996668137,0.5003049964658768,-1.0,1.0,0.65389639287651,2458,4.916,33,500,2.0,0.42460544527271854,Neutral
UFC Fight Night: Font vs. Aldo,0.04216782230400698,0.5054315013126813,-1.0,1.0,0.6665312475004523,2343,4.686,30,500,2.0,0.40434100906755743,Neutral
UFC Fight Night: Font vs. Garbrandt,0.05936131815078571,0.4896814924052101,-0.9947560072262138,1.0,0.6431233943187455,2473,4.946,43,500,1.9947560072262138,0.4138708323513767,Neutral
UFC Fight Night: Font vs. Vera,0.05784072364049324,0.49206162000778986,-1.0,1.0,0.6396500858702975,2230,4.46,34,500,2.0,0.40780845211476,Neutral
UFC Fight Night: Gane vs. Spivac,0.031559329807216534,0.5011151459735806,-1.0,1.0,0.6537217274338577,2318,4.636,38,500,2.0,0.3996720577304131,Neutral
UFC Fight Night: Gane vs. Tuivasa,0.09941396605855805,0.47864782935284966,-1.0,1.0,0.6508718963060389,2305,4.61,36,500,2.0,0.42565294260247394,Neutral
UFC Fight Night: Gane vs. Volkov,0.03796065469300144,0.5038079118919551,-1.0,1.0,0.6429795134940005,2197,4.394,30,500,2.0,0.3993710940013945,Neutral
UFC Fight Night: Garcia vs. Onama,0.07939419625343187,0.511458077902276,-1.0,1.0,0.6481621631260438,2339,4.678,29,500,2.0,0.4186919468186671,Neutral
UFC Fight Night: Grasso vs. Araujo,0.02753907940603195,0.4982707323818724,-1.0,1.0,0.6350973242742898,2669,5.338,28,500,2.0,0.4053556254787167,Neutral
UFC Fight Night: Grasso vs. Shevchenko 2,0.03186153700257643,0.49955067031638184,-1.0,1.0,0.646051660771741,2296,4.592,37,500,2.0,0.39929735411509026,Neutral
UFC Fight Night: Hall vs. Strickland,0.06198379844043151,0.4921644823482574,-1.0,1.0,0.6443854860548132,2340,4.68,27,500,2.0,0.41196122226867604,Neutral
UFC Fight Night: Hermansson vs. Pyfer,0.05159660340867932,0.4948920254292918,-1.0,1.0,0.6414116332061975,2342,4.684,40,500,2.0,0.4079767577773044,Neutral
UFC Fight Night: Hermansson vs. Strickland,0.07528975213488999,0.49718318601548833,-1.0,1.0,0.6670606502538154,2435,4.87,35,500,2.0,0.4192615297887169,Neutral
UFC Fight Night: Hernandez vs. Pereira,0.0626913341408124,0.5120104210157069,-1.0,1.0,0.652176392375745,2401,4.802,28,500,2.0,0.41360249605817795,Neutral
UFC Fight Night: Hill vs. Rountree Jr.,0.05461130088072441,0.5027723112547121,-0.97178562334556,1.0,0.6541029096887394,2515,5.03,37,500,1.97178562334556,0.4129027673629624,Neutral
UFC Fight Night: Holloway vs. Allen,0.11048350977601461,0.5046472122184225,-1.0,1.0,0.654389745054427,2165,4.33,34,500,2.0,0.42646106039374443,Neutral
UFC Fight Night: Holloway vs. Rodriguez,0.08254792571449739,0.46734311628849246,-0.9928617965136258,1.0,0.6507618637845906,2267,4.534,30,500,1.9928617965136257,0.4182236448797568,Neutral
UFC Fight Night: Holloway vs. The Korean Zombie,0.042398808347508636,0.48256785421446474,-1.0,1.0,0.6550817888627117,2273,4.546,33,500,2.0,0.40285043001334,Neutral
UFC Fight Night: Holm vs. Bueno Silva,0.0780774175719754,0.5042543518811274,-1.0,1.0,0.6491273809238334,2315,4.63,31,500,2.0,0.4176254596123413,Neutral
UFC Fight Night: Holm vs. Vieira,0.04408734794582956,0.5045531353193479,-1.0,1.0,0.6628459658081396,2297,4.594,33,500,2.0,0.4040510734862884,Neutral
UFC Fight Night: Imavov vs. Borralho,0.04733999824773563,0.4981062555703292,-1.0,0.9598385968486792,0.6479331293579009,2316,4.632,42,500,1.9598385968486793,0.40574100906012056,Neutral
UFC Fight Night: Jung vs. Ige,0.028440791224551377,0.5015456092930947,-1.0,1.0,0.6538116085184811,2423,4.846,30,500,2.0,0.40074091958870717,Neutral
UFC Fight Night: Kape vs. Almabayev,0.05465472820214519,0.48987326195395126,-0.9564192546959046,1.0,0.6490841881402396,2428,4.856,32,500,1.9564192546959047,0.41106406876593277,Neutral
UFC Fight Night: Kara-France vs. Albazi,0.09882367789281293,0.49044423436142254,-1.0,0.9606735074969297,0.6430535235941043,2245,4.49,27,500,1.9606735074969297,0.4239759590771094,Neutral
UFC Fight Night: Kattar vs. Allen,0.0683910377906304,0.4733713450415521,-1.0,1.0,0.6498307028706067,2467,4.934,47,500,2.0,0.41726884776396655,Neutral
UFC Fight Night: Kattar vs. Chikadze,0.03635184716541876,0.4869320563904968,-0.9991219153430727,1.0,0.6536132991019872,2357,4.714,46,500,1.9991219153430726,0.40239309307429333,Neutral
UFC Fight Night: Kattar vs. Emmett,0.06736992763350637,0.4930204456001872,-1.0,1.0,0.6484640724180855,2262,4.524,31,500,2.0,0.41224210285793755,Neutral
UFC Fight Night: Ladd vs. Dumont,0.0834384782589621,0.5016314513789538,-1.0,1.0,0.6466730150654787,2244,4.488,37,500,2.0,0.4180155273444002,Neutral
UFC Fight Night: Lemos vs. Andrade,0.05846952015719372,0.5041436687678835,-1.0,1.0,0.6536362784130637,2347,4.694,45,500,2.0,0.4107559894622419,Neutral
UFC Fight Night: Lemos vs. Jandiroba,0.06891992137415795,0.5027474422487358,-1.0,1.0,0.6533407658362154,2219,4.438,27,500,2.0,0.4118154279400681,Neutral
UFC Fight Night: Lewis vs. Daukaus,0.0458986506682222,0.4967492553676787,-1.0,1.0,0.6474194856635325,2361,4.722,32,500,2.0,0.40618854667961657,Neutral
UFC Fight Night: Lewis vs. Nascimento,0.03498975258822412,0.5052753293032081,-1.0,1.0,0.6421489088731103,2306,4.612,24,500,2.0,0.4007326759646939,Neutral
UFC Fight Night: Lewis vs. Spivac,0.041407366591677215,0.4877166884048477,-1.0,1.0,0.651816743398863,2302,4.604,35,500,2.0,0.4031271201394778,Neutral
UFC Fight Night: Lewis vs. Teixeira,0.07832029926706989,0.4676725987205849,-0.9951775872460389,1.0,0.6496738653776432,2475,4.95,36,500,1.9951775872460389,0.4213212875858268,Neutral
UFC Fight Night: Lopes vs. Silva,0.07178354112037341,0.4871109511715766,-1.0,1.0,0.6484364292037477,2441,4.882,28,500,2.0,0.41802626912948304,Neutral
UFC Fight Night: Luque vs. Dos Anjos,0.05457193641686819,0.4884244042999917,-1.0,1.0,0.6476047725236965,2304,4.608,37,500,2.0,0.4082688753438378,Neutral
UFC Fight Night: Luque vs. Muhammad,0.05440117294694691,0.5060214191895197,-1.0,1.0,0.655288742634358,2155,4.31,29,500,2.0,0.40467969379418367,Neutral
UFC Fight Night: Machado Garry vs. Prates,0.06484793894180428,0.49938795443105183,-0.9472868362113384,1.0,0.645475803345381,2229,4.458,28,500,1.9472868362113385,0.4104859353428222,Neutral
UFC Fight Night: Magny vs. Prates,0.04214630948062896,0.5168608243429069,-1.0,1.0,0.6446751543895582,2456,4.912,29,500,2.0,0.40678599069293797,Neutral
UFC Fight Night: Makhachev vs. Green,0.051852484688830615,0.47901316928237775,-1.0,0.9823440530338122,0.6504341026411739,2477,4.954,38,500,1.9823440530338123,0.41102224833606443,Neutral
UFC Fight Night: Makhachev vs. Moises,0.04924832134228953,0.4733156027580563,-1.0,1.0,0.6511248862656035,2287,4.574,21,500,2.0,0.40581952299827295,Neutral
UFC Fight Night: Moicano vs. Saint Denis,0.0243590638513416,0.4857421277528355,-1.0,1.0,0.6526125395775152,2336,4.672,28,500,2.0,0.3972783708807848,Neutral
UFC Fight Night: Moreno vs. Albazi,0.07887415912926803,0.487381648568796,-1.0,1.0,0.6425557715588573,2435,4.87,31,500,2.0,0.42065911026120323,Neutral
UFC Fight Night: Moreno vs. Erceg,0.10608550388713911,0.49910063065335664,-1.0,1.0,0.6535559777577248,2282,4.564,31,500,2.0,0.4276815453812467,Neutral
UFC Fight Night: Moreno vs. Royval 2,0.06234026810099649,0.4810280382348903,-0.9863315975503394,1.0,0.6375716675269958,2360,4.72,27,500,1.9863315975503393,0.4125513729232556,Neutral
UFC Fight Night: Muniz vs. Allen,0.0835065608962,0.48588468194177414,-0.9784824177118223,1.0,0.659611784670367,2218,4.436,28,500,1.9784824177118223,0.4174107134484366,Neutral
UFC Fight Night: Namajunas vs. Cortez,0.05886379358806783,0.48733781168977724,-1.0,1.0,0.6331812341146785,2398,4.796,29,500,2.0,0.41204664115476025,Neutral
UFC Fight Night: Nicolau vs. Perez,0.02460635268603296,0.5114898612868687,-1.0,1.0,0.6515258884261569,2338,4.676,37,500,2.0,0.39741810125345806,Neutral
UFC Fight Night: Nzechukwu vs. Cutelaba,0.060056222731818015,0.5040490158654214,-1.0,1.0,0.6420480323104569,2246,4.492,35,500,2.0,0.4090413119543685,Neutral
UFC Fight Night: Oliveira vs. Gamrot,0.03530480479427175,0.513322526954914,-1.0,1.0,0.6575929743881718,2459,4.918,30,500,2.0,0.40417868006803015,Neutral
UFC Fight Night: Ortega vs. Rodriguez,0.04801591602457403,0.507957035149643,-1.0,1.0,0.6635152395804927,2467,4.934,32,500,2.0,0.409311177508744,Neutral
UFC Fight Night: Pavlovich vs. Blaydes,0.0166430960997649,0.47321003280910773,-1.0,1.0,0.6526330480681544,2291,4.582,32,500,2.0,0.3932975354705609,Neutral
UFC Fight Night: Perez vs. Taira,0.037287531651279106,0.5071631528441602,-0.9597520047390887,1.0,0.6428055045637491,2470,4.94,57,500,1.9597520047390886,0.4051841252808087,Neutral
UFC Fight Night: Reyes vs. Prochazka,0.0741550131370433,0.4734489319877989,-1.0,1.0,0.6597502703752328,2348,4.696,30,500,2.0,0.4168658642981337,Neutral
UFC Fight Night: Ribas vs. Namajunas,0.07230846894381063,0.4792873058088026,-0.9989812535609122,1.0,0.649022164335559,2237,4.474,37,500,1.9989812535609122,0.413553877103124,Neutral
UFC Fight Night: Rodriguez vs. Lemos,0.06429344253711482,0.48695142759469245,-0.9661453810194855,1.0,0.6490956611534215,2331,4.662,45,500,1.9661453810194855,0.41265219306238937,Neutral
UFC Fight Night: Rodriguez vs. Waterson,0.05732931249309068,0.5076732374443758,-1.0,1.0,0.6652809201837013,2300,4.6,43,500,2.0,0.4092445489403992,Neutral
UFC Fight Night: Royval vs. Taira,0.11045276861393966,0.48510167576102736,-1.0,1.0,0.6413561771098772,2273,4.546,33,500,2.0,0.42915088904869114,Neutral
UFC Fight Night: Rozenstruik vs. Almeida,0.08816580412129403,0.4897634169332157,-1.0,1.0,0.6387921588429326,2228,4.456,26,500,2.0,0.4194502850908914,Neutral
UFC Fight Night: Rozenstruik vs. Gaziev,0.07297437113479585,0.48734474225051755,-0.9715564651090338,1.0,0.6522207111943961,2389,4.778,30,500,1.9715564651090338,0.41733599139079924,Neutral
UFC Fight Night: Rozenstruik vs. Sakai,0.09614371595422411,0.48708827845368646,-1.0,1.0,0.6599912762427891,2396,4.792,26,500,2.0,0.4265080529324609,Neutral
UFC Fight Night: Sandhagen vs. Dillashaw,0.025660864458527288,0.5233628962572977,-1.0,1.0,0.6451103042324746,2325,4.65,27,500,2.0,0.39754129625630374,Neutral
UFC Fight Night: Sandhagen vs. Figueiredo,0.08395386442152927,0.5046459520009365,-1.0,1.0,0.6431664369732,2509,5.018,31,500,2.0,0.42426160378807476,Neutral
UFC Fight Night: Sandhagen vs. Font,0.07755120859566778,0.4828627386435922,-0.9897709432322961,1.0,0.6498509526542514,2368,4.736,34,500,1.989770943232296,0.4186406702349701,Neutral
UFC Fight Night: Sandhagen vs. Nurmagomedov,0.06935020602743,0.5012339161975626,-1.0,1.0,0.6381134197362329,2532,5.064,38,500,2.0,0.41903341431995766,Neutral
UFC Fight Night: Sandhagen vs. Song,0.08115502094578456,0.5036843572018129,-0.9946423703207512,1.0,0.6481931434018101,2332,4.664,37,500,1.9946423703207512,0.4192130088790004,Neutral
UFC Fight Night: Santos vs. Ankalaev,0.046294050505140974,0.4925505459501515,-0.9754322070960783,1.0,0.6584183566882305,2409,4.818,28,500,1.9754322070960781,0.4073945741660806,Neutral
UFC Fight Night: Santos vs. Hill,0.05324349024099355,0.4981234286431547,-1.0,1.0,0.6499620701096686,2345,4.69,25,500,2.0,0.40868306898744483,Neutral
UFC Fight Night: Santos vs. Walker,0.02208189558108869,0.4991971388779763,-1.0,1.0,0.6431141012203924,2262,4.524,41,500,2.0,0.39475085349420536,Neutral
UFC Fight Night: Smith vs. Spann,0.04638153580624994,0.5034179484485299,-1.0,1.0,0.644560448525395,2314,4.628,38,500,2.0,0.40532451879059617,Neutral
UFC Fight Night: Song vs. Gutierrez,0.09487926551672708,0.4728566316350604,-0.9571576726789652,1.0,0.650152686150007,2400,4.8,28,500,1.9571576726789652,0.4261073349518452,Neutral
UFC Fight Night: Song vs. Simon,0.04846156058305977,0.4917094960792166,-1.0,1.0,0.6405083381824546,2296,4.592,28,500,2.0,0.40572103137821386,Neutral
UFC Fight Night: Strickland vs. Imavov,0.050162335401857355,0.48187814107615823,-1.0,1.0,0.656017260008337,2293,4.586,26,500,2.0,0.40631055362015606,Neutral
UFC Fight Night: Strickland vs. Magomedov,0.05110992525627745,0.4870177323548784,-1.0,1.0,0.6552512201044162,2262,4.524,31,500,2.0,0.4059621268168986,Neutral
UFC Fight Night: Taira vs. Park,0.027034255852708314,0.5093685181364147,-1.0,1.0,0.641347969964395,2461,4.922,31,500,2.0,0.4009916246353734,Neutral
UFC Fight Night: Thompson vs. Holland,0.04033718508378263,0.5034531172184475,-1.0,1.0,0.6508959821599752,2315,4.63,34,500,2.0,0.4030056543164885,Neutral
UFC Fight Night: Tsarukyan vs. Gamrot,0.05924831605667529,0.4932425494325408,-1.0,1.0,0.6482264906934172,2287,4.574,26,500,2.0,0.4096872376301969,Neutral
UFC Fight Night: Tsarukyan vs. Hooker,0.06344715685562366,0.5015886381071115,-1.0,1.0,0.6592052566007188,2414,4.828,44,500,2.0,0.4141836655880464,Neutral
UFC Fight Night: Tuivasa vs. Tybura,0.04203597157626738,0.48099746174994307,-1.0,1.0,0.6610744070796731,2285,4.57,33,500,2.0,0.402984427004551,Neutral
UFC Fight Night: Tybura vs. Spivac 2,0.08926716482090002,0.4894115002022588,-1.0,1.0,0.6489537539734667,2195,4.39,30,500,2.0,0.41906247165692445,Neutral
UFC Fight Night: Ulberg vs. Reyes,0.06173129094354614,0.4925404079068435,-0.9979778715956865,1.0,0.647279178049876,2418,4.836,55,500,1.9979778715956864,0.41360323792912623,Neutral
UFC Fight Night: Usman vs. Buckley,0.02256127599454563,0.5122587503945913,-0.9881157917583682,1.0,0.6522845170522281,2325,4.65,25,500,1.9881157917583683,0.39633991043908934,Neutral
UFC Fight Night: Vera vs. Cruz,0.05627684444138699,0.5174257488107014,-1.0,1.0,0.660211428329173,2488,4.976,42,500,2.0,0.4129850379072078,Neutral
UFC Fight Night: Vera vs. Sandhagen,0.07932251368297079,0.5127333042918332,-1.0,1.0,0.6581289103547633,2050,4.1,43,500,2.0,0.4115501405998522,Neutral
UFC Fight Night: Vettori vs. Cannonier,0.09011551385119033,0.4798212496199205,-0.9920796547818237,1.0,0.6527271375109688,2321,4.642,33,500,1.9920796547818238,0.422429799524053,Neutral
UFC Fight Night: Vettori vs. Dolidze 2,0.07996692246237964,0.49718537749872294,-1.0,1.0,0.646927791131772,2350,4.7,43,500,2.0,0.4191673482430224,Neutral
UFC Fight Night: Vettori vs. Holland,0.06010551700103735,0.49777634620209144,-1.0,1.0,0.6398025332347527,2434,4.868,33,500,2.0,0.41331934738907317,Neutral
UFC Fight Night: Vieira vs. Tate,0.04859291559202459,0.5025829522949858,-1.0,1.0,0.6487433381135042,2218,4.436,35,500,2.0,0.4039605599178041,Neutral
UFC Fight Night: Volkov vs. Aspinall,0.07272760343542659,0.4845672903197681,-1.0,1.0,0.6595808956358928,2216,4.432,32,500,2.0,0.413209856812171,Neutral
UFC Fight Night: Volkov vs. Rozenstruik,0.04403229477682224,0.509392987121526,-1.0,1.0,0.6424225713778312,2400,4.8,35,500,2.0,0.40631860766954536,Neutral
UFC Fight Night: Walker vs. Hill,0.007426058849964551,0.48779219544826413,-1.0,1.0,0.634811032557581,2335,4.67,29,500,2.0,0.3906896653512049,Neutral
UFC Fight Night: Walker vs. Zhang,0.05137111457202709,0.49841149589607975,-1.0,1.0,0.6519183829523886,2498,4.996,37,500,2.0,0.4112777671159423,Neutral
UFC Fight Night: Whittaker vs. Aliskerov,0.10025759575206268,0.4860185738969929,-0.9739585467967571,1.0,0.649671716247603,2329,4.658,33,500,1.973958546796757,0.42654916008522037,Neutral
UFC Fight Night: Whittaker vs. De Ridder,0.04568179918130697,0.4922241914372884,-1.0,1.0,0.6476734225367092,2323,4.646,34,500,2.0,0.40525634022481194,Neutral
UFC Fight Night: Whittaker vs. Gastelum,0.09790420219706512,0.5020723134850106,-1.0,1.0,0.6557519502354234,2150,4.3,27,500,2.0,0.4212487221736388,Neutral
UFC Fight Night: Yan vs. Dvalishvili,0.07451064576635479,0.48385330511240837,-1.0,1.0,0.6546301317880467,2308,4.616,33,500,2.0,0.41608113535160574,Neutral
UFC Fight Night: Yan vs. Figueiredo,0.10436355522040243,0.49839308316006575,-1.0,1.0,0.6396033203046702,2401,4.802,30,500,2.0,0.42982144327368516,Neutral
UFC Fight Night: Yusuff vs. Barboza,0.05846277299294101,0.5132619985469362,-1.0,1.0,0.6474340332434373,2361,4.722,43,500,2.0,0.4110679894287987,Neutral
